mean_fit_time,std_fit_time,mean_score_time,std_score_time,param_clf__max_depth,param_clf__n_estimators,params,split0_test_score,split1_test_score,split2_test_score,split3_test_score,split4_test_score,mean_test_score,std_test_score,rank_test_score
0.5818863391876221,0.1302523734438019,0.003243541717529297,0.00016548294029000487,3,200,"{'clf__max_depth': 3, 'clf__n_estimators': 200}",0.7697345625071056,0.8617340340696397,0.7230092933847438,0.7383171127346033,0.812666002947362,0.7810922011286909,0.050660316808194175,3
0.671340799331665,0.09245687517892459,0.003597259521484375,0.0002956537273818484,3,400,"{'clf__max_depth': 3, 'clf__n_estimators': 400}",0.7495397052644546,0.8587716373337917,0.7304451189817658,0.7466344501427766,0.8289564346704907,0.782869469278656,0.05110246526258628,2
0.7746252059936524,0.06030427475430549,0.0037601947784423827,0.0003302328019053603,4,200,"{'clf__max_depth': 4, 'clf__n_estimators': 200}",0.7572930603194041,0.8640860324722084,0.719764230973769,0.7442072760544647,0.8173178557669931,0.7805336911173679,0.05270053349293643,4
0.8467815399169922,0.048968886868957735,0.0038677215576171874,0.0002957360662163363,4,400,"{'clf__max_depth': 4, 'clf__n_estimators': 400}",0.7668963550881972,0.8539635134981415,0.7428134342199646,0.7611362801711339,0.8369476178166743,0.7923514401588222,0.04440997240320779,1
